"Model: 'ARClock_withLocalization::slowdunequal PDE R1um, Gene in R<0.1, D=0'",,,,,,,,,,,,,,,,,,,,,,,,,,,,,,,,,,,,,,,,,,,,,,
Simulation: 'Simulation19' (),,,,,,,,,,,,,,,,,,,,,,,,,,,,,,,,,,,,,,,,,,,,,,
(SimID_1128574074_0_ (PDE Simulation)),,,,,,,,,,,,,,,,,,,,,,,,,,,,,,,,,,,,,,,,,,,,,,
Sim time range (0.0 100.0) (saved timepoints 101),,,,,,,,,,,,,,,,,,,,,,,,,,,,,,,,,,,,,,,,,,,,,,
Number of variables (46),,,,,,,,,,,,,,,,,,,,,,,,,,,,,,,,,,,,,,,,,,,,,,
Variable names,A,C,mRNA_A_,mRNA_R,PrmA,PrmA_bound,PrmR,PrmR_bound,R,vcRegionVolume,vcRegionArea,vcRegionVolume_cell,vcRegionVolume_extracellular,J_A_decay,J_A_trnscr,J_A_trnsl,J_active_A_trnscr,J_active_R_trnsc,J_AR_binding,J_C_decay,J_mRNA_A_decay,J_mRNA_R_decay,J_PrmA_activation,J_PrmR_activation,J_R_decay,J_R_trnsc,J_R_trnsl,Kf_A_decay,Kf_A_trnscr,Kf_A_trnsl,Kf_active_A_trnscr,Kf_active_R_trnsc,Kf_AR_binding,Kf_C_decay,Kf_PrmA_activation,Kf_PrmR_activation,Kf_R_trnsc,Kf_R_trnsl,PrmA_init_uM,PrmR_init_uM,Size_cell,Size_EC,Size_PM,sobj_cell1_extracellular0_size,vobj_cell1_size,vobj_extracellular0_size
,,,,,,,,,,,,,,,,,,,,,,,,,,,,,,,,,,,,,,,,,,,,,,
variable ('A') times (0.0 100.0) (roi=('vl5') coord=(X=1.0 Y=0.0 Z=0.0)),,,,,,,,,,,,,,,,,,,,,,,,,,,,,,,,,,,,,,,,,,,,,,
,Times,,,,,,,,,,,,,,,,,,,,,,,,,,,,,,,,,,,,,,,,,,,,,
Distances,,0,0.05,0.05,0.1,0.2,0.3,0.4,0.5,0.6,0.7,0.8,0.9,1,1.1,1.2,1.3,1.4,1.5,1.6,1.7,1.8,1.9,1.95,1.95,2,,MAX,MIN,AVG,,RATIO,,,,,,,,,,,,,,
,0,0,0,0,0,0,0,0,0,0,0,0,0,0,0,0,0,0,0,0,0,0,0,0,0,0,,,,,,,,,,,,,,,,,,,,
,1,0,0,0.313210976,0.313712577,0.31471578,0.316757244,0.319904414,0.324244976,0.329875575,0.336889849,0.345340543,0.355022358,0.364080459,0.361652155,0.352207453,0.343618702,0.336600092,0.331048105,0.32682229,0.323797059,0.321860638,0.320920705,0.320450739,0,0,,0.364080459,0.313210976,0.33203489,,1.162412839,,,,,,,,,,,,,,
,2,0,0,0.574756443,0.575309056,0.576414282,0.578661461,0.582121832,0.586888265,0.59306355,0.600749433,0.610012597,0.620676484,0.630929962,0.62826793,0.617726529,0.608360184,0.600744288,0.59472716,0.590148485,0.586870908,0.584773289,0.583755374,0.583246417,0,0,,0.630929962,0.574756443,0.595628758,,1.097734475,,,,,,,,,,,,,,
,3,0,0,0.616175267,0.616732946,0.617848302,0.620115894,0.623607327,0.628415976,0.63464528,0.642398009,0.651743203,0.662510828,0.672908553,0.670217881,0.659544891,0.650096464,0.642420224,0.636356713,0.631742933,0.628440234,0.626326552,0.625300862,0.624788017,0,0,,0.672908553,0.616175267,0.637254112,,1.092073293,,,,,,,,,,,,,,
,4,0,0,0.548086042,0.548638155,0.549742379,0.551987272,0.555443607,0.560203703,0.566369921,0.574044254,0.583296251,0.593962318,0.604287252,0.601618952,0.591028527,0.581673117,0.574076261,0.568076313,0.5635111,0.560243203,0.558151795,0.557136914,0.556629474,0,0,,0.604287252,0.548086042,0.568962229,,1.102540852,,,,,,,,,,,,,,
,5,0,0,0.427386611,0.427924546,0.429000417,0.431187603,0.434554969,0.439192392,0.445199648,0.452676565,0.461692722,0.4720953,0.482198774,0.479591511,0.469238026,0.460118334,0.45271835,0.446875244,0.442429713,0.439247572,0.437211073,0.436222849,0.435728736,0,0,,0.482198774,0.427386611,0.447737664,,1.128249602,,,,,,,,,,,,,,
,6,0,0,0.277388262,0.277895963,0.278911365,0.280975545,0.284153422,0.288529857,0.294199413,0.301257741,0.309775182,0.31962316,0.329267304,0.326786873,0.316926252,0.308303072,0.301319454,0.29580877,0.291617251,0.288617295,0.28669752,0.28576598,0.285300209,0,0,,0.329267304,0.277388262,0.296624757,,1.187026812,,,,,,,,,,,,,,
,7,0,0,0.096539641,0.09694453,0.097754308,0.099401499,0.101940327,0.105442925,0.109992409,0.115679596,0.122593575,0.130724058,0.139152374,0.137026519,0.128524612,0.121456285,0.115819679,0.111401042,0.108051965,0.10566021,0.104131855,0.103390904,0.103020429,0,0,,0.139152374,0.096539641,0.11212613,,1.441401397,,,,,,,,,,,,,,
,8,0,0,3.13E-04,3.15E-04,3.20E-04,3.29E-04,3.46E-04,3.73E-04,4.16E-04,4.91E-04,6.27E-04,8.95E-04,0.001382971,0.00123859,7.83E-04,5.64E-04,4.58E-04,4.00E-04,3.67E-04,3.47E-04,3.36E-04,3.30E-04,3.28E-04,0,0,,0.001382971,0.000313161,0.000521924,,4.416162123,,,,,,,,,,,,,,
,9,0,0,1.53E-04,1.54E-04,1.56E-04,1.61E-04,1.70E-04,1.84E-04,2.06E-04,2.45E-04,3.18E-04,4.72E-04,7.81E-04,6.93E-04,4.09E-04,2.84E-04,2.27E-04,1.97E-04,1.80E-04,1.70E-04,1.64E-04,1.61E-04,1.60E-04,0,0,,0.000780876,0.000152962,0.000268822,,5.105048722,,,,,,,,,,,,,,
,10,0,0,1.44E-04,1.46E-04,1.48E-04,1.52E-04,1.60E-04,1.73E-04,1.95E-04,2.31E-04,3.01E-04,4.47E-04,7.44E-04,6.59E-04,3.87E-04,2.69E-04,2.15E-04,1.86E-04,1.70E-04,1.60E-04,1.55E-04,1.52E-04,1.51E-04,0,0,,0.000743588,0.000144469,0.000254597,,5.147054727,,,,,,,,,,,,,,
,11,0,0,1.58E-04,1.59E-04,1.62E-04,1.67E-04,1.76E-04,1.90E-04,2.13E-04,2.53E-04,3.29E-04,4.88E-04,8.02E-04,7.12E-04,4.23E-04,2.94E-04,2.35E-04,2.04E-04,1.86E-04,1.76E-04,1.70E-04,1.67E-04,1.65E-04,0,0,,0.000802429,0.000158073,0.000277497,,5.076318902,,,,,,,,,,,,,,
,12,0,0,1.83E-04,1.85E-04,1.87E-04,1.93E-04,2.04E-04,2.20E-04,2.47E-04,2.94E-04,3.81E-04,5.62E-04,9.09E-04,8.08E-04,4.87E-04,3.41E-04,2.73E-04,2.37E-04,2.16E-04,2.04E-04,1.97E-04,1.94E-04,1.92E-04,0,0,,0.000908908,0.000183375,0.000319733,,4.956556022,,,,,,,,,,,,,,
,13,0,0,2.19E-04,2.21E-04,2.24E-04,2.31E-04,2.43E-04,2.63E-04,2.96E-04,3.51E-04,4.55E-04,6.64E-04,0.001052652,9.38E-04,5.77E-04,4.07E-04,3.26E-04,2.83E-04,2.58E-04,2.43E-04,2.35E-04,2.31E-04,2.29E-04,0,0,,0.001052652,0.000218928,0.000378437,,4.808205715,,,,,,,,,,,,,,
,14,0,0,2.66E-04,2.68E-04,2.72E-04,2.80E-04,2.95E-04,3.20E-04,3.59E-04,4.27E-04,5.51E-04,7.96E-04,0.001233284,0.001102682,6.93E-04,4.93E-04,3.96E-04,3.44E-04,3.14E-04,2.96E-04,2.85E-04,2.81E-04,2.79E-04,0,0,,0.001233284,0.000265761,0.000454794,,4.640571466,,,,,,,,,,,,,,
,15,0,0,3.26E-04,3.29E-04,3.34E-04,3.45E-04,3.63E-04,3.93E-04,4.42E-04,5.24E-04,6.74E-04,9.62E-04,0.001455037,0.001305911,8.41E-04,6.05E-04,4.87E-04,4.23E-04,3.86E-04,3.64E-04,3.51E-04,3.45E-04,3.42E-04,0,0,,0.001455037,0.000326305,0.000552157,,4.459137541,,,,,,,,,,,,,,
,16,0,0,4.04E-04,4.07E-04,4.14E-04,4.27E-04,4.50E-04,4.87E-04,5.48E-04,6.50E-04,8.31E-04,0.001170502,0.001725708,0.001555676,0.001027188,7.48E-04,6.04E-04,5.25E-04,4.79E-04,4.51E-04,4.35E-04,4.28E-04,4.24E-04,0,0,,0.001725708,0.000404353,0.000675868,,4.267825914,,,,,,,,,,,,,,
,17,0,0,5.06E-04,5.09E-04,5.17E-04,5.34E-04,5.63E-04,6.10E-04,6.86E-04,8.12E-04,0.001033204,0.001432335,0.00205725,0.001863761,0.00126289,9.31E-04,7.56E-04,6.58E-04,6.00E-04,5.65E-04,5.45E-04,5.36E-04,5.31E-04,0,0,,0.00205725,0.000505502,0.00083383,,4.069720612,,,,,,,,,,,,,,
,18,0,0,6.38E-04,6.43E-04,6.53E-04,6.75E-04,7.12E-04,7.72E-04,8.67E-04,0.001024626,0.001294184,0.001764353,0.002467777,0.002247906,0.001564176,0.001170683,9.56E-04,8.33E-04,7.59E-04,7.15E-04,6.89E-04,6.78E-04,6.72E-04,0,0,,0.002467777,0.000638124,0.001037857,,3.867238126,,,,,,,,,,,,,,
,19,0,0,8.15E-04,8.22E-04,8.35E-04,8.63E-04,9.11E-04,9.88E-04,0.001110015,0.001307602,0.001637681,0.002192797,0.002986013,0.002736127,0.001956232,0.00148754,0.001222772,0.001067328,9.73E-04,9.16E-04,8.83E-04,8.68E-04,8.60E-04,0,0,,0.002986013,0.000815421,0.001306557,,3.661927837,,,,,,,,,,,,,,
,20,0,0,0.001060156,0.00106878,0.001086028,0.001123253,0.00118659,0.001287257,0.00144518,0.001696124,0.002103541,0.002762767,0.003661675,0.003376794,0.002482315,0.001920327,0.001590841,0.001392285,0.001269774,0.001194566,0.001151185,0.001131345,0.001121426,0,0,,0.003661675,0.001060156,0.00167201,,3.453903549,,,,,,,,,,,,,,
,21,0,0,0.001417767,0.001429578,0.0014532,0.001504031,0.001590046,0.001725486,0.0019348,0.002259908,0.00277096,0.003564166,0.004594057,0.004266424,0.003228611,0.002545272,0.002128181,0.001869234,0.001706236,0.001604911,0.001546033,0.001519005,0.001505491,0,0,,0.004594057,0.001417767,0.002198257,,3.240346299,,,,,,,,,,,,,,
,22,0,0,0.002004771,0.002021983,0.002056408,0.002130152,0.002253904,0.002446184,0.00273744,0.003177056,0.003842101,0.004826413,0.0060356,0.005650609,0.004415264,0.003557373,0.003008997,0.002656195,0.002428417,0.002284401,0.002199827,0.002160783,0.002141261,0,0,,0.0060356,0.002004771,0.003049292,,3.010618737,,,,,,,,,,,,,,
,23,0,0,0.003307778,0.003337419,0.003396702,0.003522647,0.003730953,0.004047574,0.004512466,0.005185342,0.006150032,0.007487945,0.00900581,0.008524722,0.00694663,0.005763997,0.004958739,0.004414088,0.004049048,0.003812054,0.00367044,0.003604423,0.003571415,0,0,,0.00900581,0.003307778,0.004904772,,2.722616476,,,,,,,,,,,,,,
,24,0,0,0.013216525,0.013332857,0.013565522,0.014047499,0.014811867,0.015906335,0.017391437,0.01933654,0.021800704,0.024724636,0.027279074,0.026487955,0.023717335,0.021082054,0.019000897,0.017424545,0.016271632,0.015472797,0.014973529,0.014734621,0.014615167,0,0,,0.027279074,0.013216525,0.018056835,,2.064012545,,,,,,,,,,,,,,
,25,0,0,0.199839081,0.200300659,0.201223814,0.203102636,0.205999742,0.209996709,0.215183615,0.221647677,0.229436912,0.238353783,0.246642166,0.244414507,0.235766542,0.227859531,0.221394321,0.216281546,0.212391725,0.209608177,0.207827042,0.206962675,0.206530491,0,0,,0.246642166,0.199839081,0.217179207,,1.234203864,,,,,,,,,,,,,,
,26,0,0,0.380664099,0.381190829,0.382244288,0.384386325,0.387685051,0.392229283,0.398117385,0.405446769,0.414281273,0.424451438,0.434220357,0.431679594,0.421631445,0.412695798,0.405429753,0.399689398,0.395321634,0.3921952,0.390194376,0.389223445,0.388737979,0,0,,0.434220357,0.380664099,0.400557891,,1.140691642,,,,,,,,,,,,,,
,27,0,0,0.403603369,0.404136229,0.405201948,0.407368646,0.410704784,0.415299684,0.421252414,0.428661681,0.437594626,0.447891807,0.457848601,0.455271891,0.445054705,0.436020504,0.428683652,0.422889189,0.418480516,0.415324791,0.41330522,0.412325208,0.411835202,0,0,,0.457848601,0.403603369,0.423750222,,1.134402326,,,,,,,,,,,,,,
,28,0,0,0.33267231,0.333192692,0.334233458,0.336349317,0.339606977,0.344093538,0.349905785,0.357140764,0.365866718,0.375937828,0.385727441,0.383200679,0.373170635,0.36434235,0.357180937,0.351527052,0.347225854,0.344147193,0.342176986,0.341220947,0.340742928,0,0,,0.385727441,0.33267231,0.352364876,,1.159481656,,,,,,,,,,,,,,
,29,0,0,0.208240291,0.208723264,0.209689208,0.211652924,0.214676374,0.218840705,0.224236664,0.23095685,0.239071942,0.248469966,0.25772356,0.255347386,0.245899211,0.237676174,0.231026444,0.225782506,0.221795178,0.218941921,0.217116253,0.216230443,0.215787539,0,0,,0.25772356,0.208240291,0.226565943,,1.237625815,,,,,,,,,,,,,,
,30,0,0,0.033100634,0.033360053,0.033878892,0.034941304,0.036596757,0.03891505,0.041984104,0.045914005,0.05085086,0.056981065,0.064238317,0.062446827,0.05528937,0.050022824,0.046026983,0.042980655,0.040714622,0.039118021,0.038107347,0.03762014,0.037376537,0,0,,0.064238317,0.033100634,0.043831637,,1.940697501,,,,,,,,,,,,,,
,31,0,0,2.21E-04,2.22E-04,2.26E-04,2.33E-04,2.45E-04,2.65E-04,2.97E-04,3.52E-04,4.55E-04,6.64E-04,0.001058809,9.43E-04,5.77E-04,4.07E-04,3.27E-04,2.84E-04,2.60E-04,2.45E-04,2.37E-04,2.33E-04,2.31E-04,0,0,,0.001058809,0.000220623,0.000380038,,4.799170825,,,,,,,,,,,,,,
,32,0,0,1.52E-04,1.54E-04,1.56E-04,1.61E-04,1.69E-04,1.83E-04,2.05E-04,2.44E-04,3.17E-04,4.71E-04,7.79E-04,6.91E-04,4.08E-04,2.84E-04,2.27E-04,1.97E-04,1.80E-04,1.69E-04,1.64E-04,1.61E-04,1.60E-04,0,0,,0.000778722,0.000152491,0.000268067,,5.106661232,,,,,,,,,,,,,,
,33,0,0,1.53E-04,1.54E-04,1.56E-04,1.61E-04,1.70E-04,1.84E-04,2.06E-04,2.45E-04,3.18E-04,4.73E-04,7.81E-04,6.93E-04,4.09E-04,2.85E-04,2.27E-04,1.97E-04,1.80E-04,1.70E-04,1.64E-04,1.61E-04,1.60E-04,0,0,,0.000780637,0.000152992,0.000268955,,5.102460619,,,,,,,,,,,,,,
,34,0,0,1.71E-04,1.73E-04,1.75E-04,1.81E-04,1.90E-04,2.06E-04,2.31E-04,2.74E-04,3.56E-04,5.26E-04,8.59E-04,7.63E-04,4.56E-04,3.19E-04,2.55E-04,2.21E-04,2.02E-04,1.90E-04,1.84E-04,1.81E-04,1.79E-04,0,0,,0.000858618,0.000171308,0.000299639,,5.012130878,,,,,,,,,,,,,,
,35,0,0,2.01E-04,2.03E-04,2.06E-04,2.12E-04,2.23E-04,2.42E-04,2.71E-04,3.22E-04,4.18E-04,6.13E-04,9.81E-04,8.73E-04,5.32E-04,3.74E-04,2.99E-04,2.60E-04,2.37E-04,2.23E-04,2.16E-04,2.12E-04,2.10E-04,0,0,,0.00098102,0.000201012,0.000348941,,4.880407959,,,,,,,,,,,,,,
,36,0,0,2.42E-04,2.43E-04,2.47E-04,2.55E-04,2.69E-04,2.91E-04,3.26E-04,3.88E-04,5.01E-04,7.28E-04,0.001141322,0.001018815,6.34E-04,4.49E-04,3.60E-04,3.13E-04,2.85E-04,2.69E-04,2.59E-04,2.55E-04,2.53E-04,0,0,,0.001141322,0.000241626,0.000415569,,4.723515551,,,,,,,,,,,,,,
,37,0,0,2.95E-04,2.97E-04,3.01E-04,3.11E-04,3.28E-04,3.55E-04,3.99E-04,4.73E-04,6.10E-04,8.76E-04,0.001340891,0.001201129,7.64E-04,5.47E-04,4.40E-04,3.82E-04,3.48E-04,3.28E-04,3.17E-04,3.12E-04,3.09E-04,0,0,,0.001340891,0.000294736,0.000501561,,4.549467752,,,,,,,,,,,,,,
,38,0,0,3.63E-04,3.66E-04,3.72E-04,3.84E-04,4.04E-04,4.38E-04,4.92E-04,5.84E-04,7.49E-04,0.001061779,0.001585389,0.001425977,9.30E-04,6.73E-04,5.43E-04,4.72E-04,4.30E-04,4.05E-04,3.91E-04,3.84E-04,3.81E-04,0,0,,0.001585389,0.000363349,0.0006111,,4.363271353,,,,,,,,,,,,,,
,39,0,0,4.52E-04,4.56E-04,4.62E-04,4.78E-04,5.04E-04,5.45E-04,6.13E-04,7.26E-04,9.27E-04,0.001294994,0.001884369,0.001702841,0.001139028,8.34E-04,6.76E-04,5.88E-04,5.36E-04,5.05E-04,4.87E-04,4.79E-04,4.75E-04,0,0,,0.001884369,0.00045204,0.000750634,,4.168592788,,,,,,,,,,,,,,
,40,0,0,5.68E-04,5.72E-04,5.81E-04,6.00E-04,6.33E-04,6.86E-04,7.71E-04,9.12E-04,0.001155881,0.001589228,0.00225242,0.002046057,0.001404952,0.001043737,8.50E-04,7.40E-04,6.74E-04,6.35E-04,6.12E-04,6.02E-04,5.97E-04,0,0,,0.00225242,0.000567604,0.00092975,,3.968293034,,,,,,,,,,,,,,
,41,0,0,7.20E-04,7.26E-04,7.38E-04,7.62E-04,8.04E-04,8.72E-04,9.80E-04,0.001156191,0.001454398,0.001965231,0.002712116,0.002477689,0.001747578,0.001318207,0.00107989,9.42E-04,8.58E-04,8.08E-04,7.79E-04,7.66E-04,7.59E-04,0,0,,0.002712116,0.000720455,0.001163129,,3.764447933,,,,,,,,,,,,,,
,42,0,0,9.28E-04,9.35E-04,9.50E-04,9.82E-04,0.001037399,0.001125183,0.001263744,0.001486104,0.001852438,0.00245689,0.003300704,0.003034013,0.002199421,0.001686652,0.001391631,0.001216213,0.001108902,0.001043361,0.001005662,9.88E-04,9.80E-04,0,0,,0.003300704,0.000927679,0.001474852,,3.558023658,,,,,,,,,,,,,,
,43,0,0,0.001220695,0.001230738,0.001250823,0.001294114,0.001367591,0.001483875,0.001665021,0.001949756,0.002404866,0.003126414,0.004086863,0.003781806,0.002820126,0.002201836,0.001832137,0.001606119,0.001465334,0.001378401,0.001328086,0.001305037,0.001293513,0,0,,0.004086863,0.001220695,0.001909198,,3.34798047,,,,,,,,,,,,,,
,44,0,0,0.00166933,0.001683434,0.00171164,0.001772219,0.001874347,0.002034194,0.00227896,0.002654084,0.003233147,0.004111744,0.005222778,0.004869025,0.003741961,0.00298078,0.002505826,0.002205948,0.002014942,0.00189528,0.001825414,0.001793261,0.001777184,0,0,,0.005222778,0.00166933,0.002564548,,3.128666636,,,,,,,,,,,,,,
,45,0,0,0.002491815,0.002513622,0.002557237,0.002650349,0.002805663,0.003044758,0.003402122,0.003931758,0.004714262,0.005839665,0.007175835,0.006750961,0.005375073,0.004387756,0.003738788,0.003311971,0.003031887,0.002852779,0.002746822,0.002697706,0.002673149,0,0,,0.007175835,0.002491815,0.003747332,,2.879762485,,,,,,,,,,,,,,
,46,0,0,0.005147523,0.005194951,0.005289807,0.005489675,0.00581567,0.006301202,0.006994699,0.007963157,0.009290834,0.011033796,0.012863437,0.012287541,0.010358006,0.008802904,0.007686513,0.006899404,0.006354805,0.005992891,0.005773181,0.005669822,0.005618142,0,0,,0.012863437,0.005147523,0.007467998,,2.498956487,,,,,,,,,,,,,,
,47,0,0,0.071891432,0.07221695,0.072867986,0.07419654,0.076253391,0.079105341,0.082826681,0.087487013,0.093110269,0.099465774,0.104846551,0.103290947,0.097490203,0.091769898,0.087039732,0.083301013,0.080465253,0.078442268,0.077150787,0.076524831,0.076211852,0,0,,0.104846551,0.071891432,0.084093081,,1.458401209,,,,,,,,,,,,,,
,48,0,0,0.312689035,0.31319823,0.314216618,0.316287788,0.319478317,0.32387498,0.329573768,0.336669131,0.345220279,0.355049427,0.364412382,0.361957574,0.352292977,0.343636936,0.336587732,0.331016885,0.326777982,0.323743874,0.321802146,0.320859863,0.320388722,0,0,,0.364412382,0.312689035,0.331892126,,1.165414646,,,,,,,,,,,,,,
,49,0,0,0.40775425,0.408287009,0.409352526,0.411518905,0.414854741,0.419449509,0.425402376,0.432811895,0.441744081,0.45203467,0.461958818,0.459386035,0.449193413,0.440160347,0.432820577,0.42702301,0.422611836,0.41945431,0.417433583,0.416453005,0.415962715,0,0,,0.461958818,0.40775425,0.427888934,,1.132934404,,,,,,,,,,,,,,
,50,0,0,0.376532361,0.377061078,0.378118512,0.380268307,0.383578301,0.388137031,0.394042769,0.401393695,0.410257588,0.420480755,0.430389698,0.427828713,0.417668054,0.408702448,0.401424981,0.39567828,0.391306143,0.388176612,0.386173817,0.385201953,0.384716021,0,0,,0.430389698,0.376532361,0.396530339,,1.143035082,,,,,,,,,,,,,,
,51,0,0,0.275946594,0.276453083,0.277466063,0.279525395,0.282695974,0.287062608,0.292719725,0.299762551,0.308259982,0.318078329,0.327664032,0.325194411,0.315385121,0.306783977,0.299813958,0.294313137,0.290128989,0.287134317,0.285217936,0.284288042,0.283823096,0,0,,0.327664032,0.275946594,0.295129396,,1.18741829,,,,,,,,,,,,,,
,52,0,0,0.128594919,0.129030802,0.12990257,0.131675188,0.134405491,0.13816845,0.143049089,0.14913713,0.156510728,0.165109576,0.173780863,0.171572975,0.162771152,0.155270887,0.149243999,0.144503798,0.140904495,0.138331079,0.136685381,0.135887167,0.13548806,0,0,,0.173780863,0.128594919,0.145239228,,1.351382034,,,,,,,,,,,,,,
,53,0,0,6.50E-04,6.54E-04,6.62E-04,6.79E-04,7.09E-04,7.57E-04,8.34E-04,9.63E-04,0.001191066,0.001617977,0.002376108,0.002152422,0.00144029,0.001088944,9.09E-04,8.10E-04,7.50E-04,7.15E-04,6.95E-04,6.85E-04,6.81E-04,0,0,,0.002376108,0.000649644,0.001000941,,3.657556938,,,,,,,,,,,,,,
,54,0,0,1.68E-04,1.69E-04,1.72E-04,1.77E-04,1.86E-04,2.02E-04,2.26E-04,2.69E-04,3.49E-04,5.16E-04,8.45E-04,7.51E-04,4.47E-04,3.12E-04,2.50E-04,2.17E-04,1.98E-04,1.87E-04,1.80E-04,1.77E-04,1.76E-04,0,0,,0.000845392,0.000168016,0.000293979,,5.031612318,,,,,,,,,,,,,,
,55,0,0,1.50E-04,1.51E-04,1.53E-04,1.58E-04,1.66E-04,1.79E-04,2.01E-04,2.39E-04,3.11E-04,4.62E-04,7.66E-04,6.79E-04,4.00E-04,2.78E-04,2.22E-04,1.93E-04,1.76E-04,1.66E-04,1.60E-04,1.58E-04,1.56E-04,0,0,,0.00076581,0.00014955,0.00026315,,5.120767532,,,,,,,,,,,,,,
,56,0,0,1.61E-04,1.62E-04,1.64E-04,1.69E-04,1.78E-04,1.93E-04,2.16E-04,2.57E-04,3.34E-04,4.95E-04,8.13E-04,7.22E-04,4.29E-04,2.99E-04,2.39E-04,2.07E-04,1.89E-04,1.78E-04,1.72E-04,1.69E-04,1.68E-04,0,0,,0.000813108,0.000160562,0.000281667,,5.064122014,,,,,,,,,,,,,,
,57,0,0,1.85E-04,1.86E-04,1.89E-04,1.95E-04,2.05E-04,2.22E-04,2.49E-04,2.96E-04,3.84E-04,5.66E-04,9.15E-04,8.14E-04,4.91E-04,3.44E-04,2.75E-04,2.39E-04,2.18E-04,2.05E-04,1.98E-04,1.95E-04,1.94E-04,0,0,,0.000914945,0.000184833,0.000322153,,4.950125835,,,,,,,,,,,,,,
,58,0,0,2.20E-04,2.22E-04,2.25E-04,2.32E-04,2.44E-04,2.64E-04,2.97E-04,3.53E-04,4.57E-04,6.67E-04,0.001056472,9.42E-04,5.79E-04,4.09E-04,3.28E-04,2.84E-04,2.59E-04,2.45E-04,2.36E-04,2.32E-04,2.30E-04,0,0,,0.001056472,0.000219892,0.000380018,,4.804498857,,,,,,,,,,,,,,
,59,0,0,2.66E-04,2.68E-04,2.73E-04,2.81E-04,2.96E-04,3.21E-04,3.60E-04,4.28E-04,5.52E-04,7.98E-04,0.001235937,0.001105104,6.95E-04,4.95E-04,3.97E-04,3.45E-04,3.15E-04,2.97E-04,2.86E-04,2.82E-04,2.79E-04,0,0,,0.001235937,0.000266465,0.000455933,,4.638275968,,,,,,,,,,,,,,
,60,0,0,3.27E-04,3.29E-04,3.34E-04,3.45E-04,3.64E-04,3.94E-04,4.42E-04,5.25E-04,6.75E-04,9.64E-04,0.00145703,0.001307743,8.42E-04,6.06E-04,4.88E-04,4.24E-04,3.86E-04,3.64E-04,3.51E-04,3.46E-04,3.43E-04,0,0,,0.00145703,0.000326862,0.000553047,,4.457631927,,,,,,,,,,,,,,
,61,0,0,4.05E-04,4.08E-04,4.14E-04,4.28E-04,4.51E-04,4.88E-04,5.49E-04,6.50E-04,8.32E-04,0.001171743,0.001727306,0.001557154,0.0010283,7.48E-04,6.05E-04,5.26E-04,4.79E-04,4.52E-04,4.36E-04,4.29E-04,4.25E-04,0,0,,0.001727306,0.000404826,0.000676611,,4.266789023,,,,,,,,,,,,,,
,62,0,0,5.06E-04,5.10E-04,5.18E-04,5.35E-04,5.64E-04,6.11E-04,6.87E-04,8.13E-04,0.001034038,0.001433408,0.002058598,0.001865016,0.001263859,9.32E-04,7.57E-04,6.59E-04,6.00E-04,5.65E-04,5.45E-04,5.36E-04,5.32E-04,0,0,,0.002058598,0.000505923,0.000834484,,4.068991124,,,,,,,,,,,,,,
,63,0,0,6.39E-04,6.44E-04,6.54E-04,6.75E-04,7.12E-04,7.72E-04,8.68E-04,0.001025251,0.001294947,0.001765316,0.002468959,0.002249014,0.001565052,0.001171385,9.57E-04,8.33E-04,7.60E-04,7.15E-04,6.90E-04,6.78E-04,6.72E-04,0,0,,0.002468959,0.000638516,0.001038455,,3.866716238,,,,,,,,,,,,,,
,64,0,0,8.16E-04,8.22E-04,8.35E-04,8.63E-04,9.12E-04,9.88E-04,0.001110527,0.001308196,0.001638398,0.002193684,0.002987081,0.002737135,0.001957048,0.001488204,0.001223334,0.001067823,9.73E-04,9.16E-04,8.83E-04,8.68E-04,8.61E-04,0,0,,0.002987081,0.000815796,0.00130712,,3.661554783,,,,,,,,,,,,,,
,65,0,0,0.001060521,0.001069148,0.001086402,0.001123641,0.001187001,0.001287703,0.001445679,0.0016967,0.002104228,0.002763601,0.003662659,0.003377729,0.002483088,0.001920968,0.001591389,0.00139277,0.001270217,0.001194983,0.001151586,0.00113174,0.001121817,0,0,,0.003662659,0.001060521,0.001672551,,3.453640632,,,,,,,,,,,,,,
,66,0,0,0.001418131,0.001429945,0.001453573,0.001504418,0.001590456,0.001725931,0.001935297,0.002260477,0.00277163,0.003564966,0.004594985,0.004267311,0.003229357,0.002545901,0.002128725,0.001869718,0.00170668,0.001605328,0.001546434,0.001519399,0.001505881,0,0,,0.004594985,0.001418131,0.002198788,,3.240169955,,,,,,,,,,,,,,
,67,0,0,0.002005138,0.002022354,0.002056786,0.002130544,0.002254319,0.002446634,0.00273794,0.003177625,0.00384276,0.004827185,0.006036481,0.005651456,0.004415992,0.003557999,0.003009545,0.002656687,0.002428869,0.002284827,0.002200238,0.002161186,0.00214166,0,0,,0.006036481,0.002005138,0.00304982,,3.010506705,,,,,,,,,,,,,,
,68,0,0,0.003308139,0.003337784,0.003397074,0.003523033,0.003731362,0.004048016,0.004512955,0.005185891,0.006150659,0.007488664,0.009006618,0.008525506,0.006947317,0.0057646,0.004959277,0.004414575,0.004049499,0.003812479,0.003670851,0.003604826,0.003571814,0,0,,0.009006618,0.003308139,0.004905283,,2.722563278,,,,,,,,,,,,,,
,69,0,0,0.013216026,0.013332355,0.013565012,0.014046976,0.014811321,0.01590576,0.017390826,0.019335887,0.021800007,0.024723905,0.02727837,0.026487247,0.023716613,0.021081367,0.019000249,0.017423932,0.016271048,0.015472233,0.014972979,0.014734077,0.014614627,0,0,,0.02727837,0.013216026,0.018056229,,2.064037214,,,,,,,,,,,,,,
,70,0,0,0.199824755,0.200286325,0.201209465,0.203088255,0.205985312,0.209982213,0.215169035,0.221632991,0.229422099,0.238338824,0.246627043,0.24439942,0.235751617,0.22784473,0.221379621,0.216266925,0.212377166,0.209593661,0.207812554,0.206948201,0.206516024,0,0,,0.246627043,0.199824755,0.217164583,,1.234216667,,,,,,,,,,,,,,
,71,0,0,0.380651044,0.381177771,0.382231224,0.384373252,0.387671963,0.392216173,0.398104246,0.405433596,0.414268058,0.424438174,0.434207043,0.431666288,0.421618195,0.412682588,0.405416577,0.399676248,0.395308504,0.392182085,0.39018127,0.389210343,0.388724879,0,0,,0.434207043,0.380651044,0.400544739,,1.140695787,,,,,,,,,,,,,,
,72,0,0,0.403593278,0.404126137,0.405191856,0.407358545,0.410694673,0.415289563,0.421242275,0.428651517,0.437584436,0.44788159,0.457838352,0.455261653,0.445044498,0.436010328,0.42867349,0.42287905,0.418470392,0.41531467,0.413295108,0.4123151,0.411825096,0,0,,0.457838352,0.403593278,0.423740077,,1.134405297,,,,,,,,,,,,,,
,73,0,0,0.332664563,0.333184944,0.334225708,0.336341559,0.339599207,0.344085755,0.349897985,0.357132938,0.365858863,0.375929944,0.38571953,0.383192766,0.373162763,0.364334504,0.357173106,0.351519247,0.347218063,0.344139408,0.342169209,0.341213175,0.340735157,0,0,,0.38571953,0.332664563,0.352357066,,1.159484879,,,,,,,,,,,,,,
,74,0,0,0.208233706,0.208716675,0.209682615,0.211646319,0.214669751,0.218834058,0.224229986,0.230950135,0.239065181,0.248463157,0.257716711,0.255340547,0.245892416,0.237669422,0.231019731,0.225775822,0.221788517,0.218935278,0.21710962,0.216223816,0.215780914,0,0,,0.257716711,0.208233706,0.226559256,,1.237632066,,,,,,,,,,,,,,
,75,0,0,0.03309386,0.03335325,0.033872028,0.034934319,0.03658959,0.038907639,0.041976388,0.045905933,0.050842392,0.056972203,0.064229235,0.062437805,0.055280594,0.050014399,0.046018883,0.04297283,0.040707015,0.039110576,0.038100007,0.037612852,0.037369275,0,0,,0.064229235,0.03309386,0.043823861,,1.940820266,,,,,,,,,,,,,,
,76,0,0,2.21E-04,2.22E-04,2.26E-04,2.33E-04,2.45E-04,2.64E-04,2.97E-04,3.52E-04,4.55E-04,6.64E-04,0.001058785,9.43E-04,5.77E-04,4.07E-04,3.27E-04,2.84E-04,2.60E-04,2.45E-04,2.37E-04,2.33E-04,2.31E-04,0,0,,0.001058785,0.000220617,0.000380028,,4.799198102,,,,,,,,,,,,,,
,77,0,0,1.52E-04,1.54E-04,1.56E-04,1.61E-04,1.69E-04,1.83E-04,2.05E-04,2.44E-04,3.17E-04,4.71E-04,7.79E-04,6.91E-04,4.08E-04,2.84E-04,2.27E-04,1.97E-04,1.80E-04,1.69E-04,1.64E-04,1.61E-04,1.60E-04,0,0,,0.00077872,0.000152491,0.000268066,,5.106660211,,,,,,,,,,,,,,
,78,0,0,1.53E-04,1.54E-04,1.56E-04,1.61E-04,1.70E-04,1.84E-04,2.06E-04,2.45E-04,3.18E-04,4.73E-04,7.81E-04,6.93E-04,4.09E-04,2.85E-04,2.27E-04,1.97E-04,1.80E-04,1.70E-04,1.64E-04,1.61E-04,1.60E-04,0,0,,0.00078064,0.000152993,0.000268956,,5.102454954,,,,,,,,,,,,,,
,79,0,0,1.71E-04,1.73E-04,1.75E-04,1.81E-04,1.90E-04,2.06E-04,2.31E-04,2.74E-04,3.56E-04,5.26E-04,8.59E-04,7.63E-04,4.56E-04,3.19E-04,2.55E-04,2.21E-04,2.02E-04,1.90E-04,1.84E-04,1.81E-04,1.79E-04,0,0,,0.000858623,0.000171309,0.000299641,,5.012120992,,,,,,,,,,,,,,
,80,0,0,2.01E-04,2.03E-04,2.06E-04,2.12E-04,2.23E-04,2.42E-04,2.71E-04,3.22E-04,4.18E-04,6.13E-04,9.81E-04,8.73E-04,5.32E-04,3.74E-04,2.99E-04,2.60E-04,2.37E-04,2.23E-04,2.16E-04,2.12E-04,2.10E-04,0,0,,0.000981027,0.000201014,0.000348944,,4.880401338,,,,,,,,,,,,,,
,81,0,0,2.42E-04,2.43E-04,2.47E-04,2.55E-04,2.69E-04,2.91E-04,3.26E-04,3.88E-04,5.01E-04,7.28E-04,0.001141331,0.001018823,6.34E-04,4.49E-04,3.60E-04,3.13E-04,2.85E-04,2.69E-04,2.59E-04,2.55E-04,2.53E-04,0,0,,0.001141331,0.000241628,0.000415573,,4.723507613,,,,,,,,,,,,,,
,82,0,0,2.95E-04,2.97E-04,3.01E-04,3.11E-04,3.28E-04,3.55E-04,3.99E-04,4.73E-04,6.10E-04,8.76E-04,0.001340901,0.001201139,7.64E-04,5.47E-04,4.40E-04,3.82E-04,3.48E-04,3.28E-04,3.17E-04,3.12E-04,3.09E-04,0,0,,0.001340901,0.000294739,0.000501566,,4.549459278,,,,,,,,,,,,,,
,83,0,0,3.63E-04,3.66E-04,3.72E-04,3.84E-04,4.04E-04,4.38E-04,4.92E-04,5.84E-04,7.49E-04,0.001061789,0.001585401,0.001425988,9.30E-04,6.73E-04,5.43E-04,4.72E-04,4.30E-04,4.05E-04,3.91E-04,3.84E-04,3.81E-04,0,0,,0.001585401,0.000363352,0.000611106,,4.363261577,,,,,,,,,,,,,,
,84,0,0,4.52E-04,4.56E-04,4.62E-04,4.78E-04,5.04E-04,5.45E-04,6.13E-04,7.26E-04,9.27E-04,0.001295006,0.001884385,0.001702855,0.001139039,8.34E-04,6.76E-04,5.88E-04,5.36E-04,5.05E-04,4.87E-04,4.79E-04,4.75E-04,0,0,,0.001884385,0.000452044,0.000750641,,4.16858347,,,,,,,,,,,,,,
,85,0,0,5.68E-04,5.72E-04,5.81E-04,6.00E-04,6.33E-04,6.86E-04,7.71E-04,9.12E-04,0.001155893,0.001589243,0.002252438,0.002046075,0.001404966,0.001043748,8.50E-04,7.40E-04,6.74E-04,6.35E-04,6.12E-04,6.02E-04,5.97E-04,0,0,,0.002252438,0.00056761,0.000929759,,3.968284523,,,,,,,,,,,,,,
,86,0,0,7.20E-04,7.26E-04,7.38E-04,7.62E-04,8.04E-04,8.72E-04,9.80E-04,0.001156204,0.001454414,0.001965251,0.00271214,0.002477712,0.001747596,0.001318222,0.001079903,9.42E-04,8.58E-04,8.08E-04,7.79E-04,7.66E-04,7.59E-04,0,0,,0.00271214,0.000720463,0.001163142,,3.764439679,,,,,,,,,,,,,,
,87,0,0,9.28E-04,9.35E-04,9.50E-04,9.82E-04,0.001037412,0.001125197,0.00126376,0.001486122,0.00185246,0.002456917,0.003300735,0.003034044,0.002199446,0.001686672,0.001391648,0.001216228,0.001108916,0.001043374,0.001005674,9.88E-04,9.80E-04,0,0,,0.003300735,0.00092769,0.001474869,,3.558015047,,,,,,,,,,,,,,
,88,0,0,0.001220711,0.001230754,0.001250839,0.001294131,0.001367609,0.001483894,0.001665043,0.001949781,0.002404896,0.00312645,0.004086905,0.003781847,0.00282016,0.002201864,0.001832161,0.001606141,0.001465354,0.001378419,0.001328104,0.001305055,0.00129353,0,0,,0.004086905,0.001220711,0.001909221,,3.347970784,,,,,,,,,,,,,,
,89,0,0,0.00166936,0.001683464,0.001711671,0.001772251,0.001874381,0.002034231,0.002279001,0.002654131,0.003233201,0.004111808,0.005222853,0.004869096,0.003742022,0.002980831,0.002505871,0.002205988,0.002014979,0.001895315,0.001825447,0.001793294,0.001777217,0,0,,0.005222853,0.00166936,0.002564591,,3.128655097,,,,,,,,,,,,,,
,90,0,0,0.002491877,0.002513685,0.0025573,0.002650415,0.002805734,0.003044835,0.003402206,0.003931854,0.004714371,0.005839791,0.007175976,0.006751097,0.005375193,0.004387861,0.003738881,0.003312054,0.003031964,0.002852851,0.002746892,0.002697775,0.002673217,0,0,,0.007175976,0.002491877,0.00374742,,2.879747453,,,,,,,,,,,,,,
,91,0,0,0.005147808,0.005195238,0.005290099,0.005489979,0.005815992,0.006301549,0.00699508,0.007963581,0.009291309,0.011034327,0.012864011,0.012288102,0.010358519,0.008803366,0.007686931,0.006899787,0.006355162,0.005993229,0.005773507,0.005670142,0.00561846,0,0,,0.012864011,0.005147808,0.007468389,,2.49892997,,,,,,,,,,,,,,
,92,0,0,0.071901377,0.072226915,0.072877989,0.074206621,0.076263591,0.079115703,0.082837251,0.087497839,0.093121401,0.099477261,0.104858417,0.103302718,0.09750159,0.091780973,0.087050555,0.083311635,0.08047572,0.078452623,0.07716107,0.076535078,0.076222082,0,0,,0.104858417,0.071901377,0.084103734,,1.458364509,,,,,,,,,,,,,,
,93,0,0,0.312697468,0.313206665,0.314225058,0.316296238,0.319486783,0.323883468,0.329582284,0.336677681,0.34522887,0.355058067,0.364421081,0.361966263,0.352301606,0.343645527,0.336596291,0.331025419,0.326786498,0.323752375,0.321810639,0.320868352,0.320397209,0,0,,0.364421081,0.312697468,0.331900659,,1.165411039,,,,,,,,,,,,,,
,94,0,0,0.407755123,0.408287882,0.4093534,0.41151978,0.414855618,0.419450387,0.425403257,0.432812778,0.441744965,0.452035565,0.461959723,0.459386926,0.449194311,0.440161234,0.432821461,0.427023895,0.422612719,0.419455192,0.417434464,0.416453886,0.415963596,0,0,,0.461959723,0.407755123,0.427889817,,1.132934195,,,,,,,,,,,,,,
,95,0,0,0.376528864,0.37705758,0.378115014,0.380264806,0.383574796,0.388133521,0.394039253,0.401390171,0.410254055,0.420477212,0.430386135,0.427825156,0.417664515,0.408698917,0.401421459,0.395674764,0.391302632,0.388173105,0.386170312,0.38519845,0.384712518,0,0,,0.430386135,0.376528864,0.396526821,,1.143036235,,,,,,,,,,,,,,
,96,0,0,0.275940627,0.276447115,0.277460091,0.279519416,0.282689985,0.287056604,0.292713701,0.299756504,0.30825391,0.318072226,0.327657916,0.325188298,0.315379027,0.306777909,0.299807912,0.294307109,0.290122975,0.287128314,0.285211939,0.284282049,0.283817104,0,0,,0.327657916,0.275940627,0.295123368,,1.187421797,,,,,,,,,,,,,,
,97,0,0,0.128586879,0.129022756,0.129894511,0.131667103,0.134397364,0.138160264,0.143040832,0.149128786,0.156502283,0.165101038,0.173772241,0.171564356,0.162762647,0.155262465,0.149235659,0.144495529,0.140896278,0.138322904,0.136677232,0.135879029,0.135479928,0,0,,0.173772241,0.128586879,0.145230957,,1.35139948,,,,,,,,,,,,,,
,98,0,0,6.50E-04,6.54E-04,6.62E-04,6.79E-04,7.09E-04,7.57E-04,8.34E-04,9.63E-04,0.001190839,0.00161769,0.002375713,0.002152056,0.001440027,0.00108873,9.09E-04,8.09E-04,7.50E-04,7.15E-04,6.94E-04,6.85E-04,6.81E-04,0,0,,0.002375713,0.000649503,0.001000745,,3.657741351,,,,,,,,,,,,,,
,99,0,0,1.68E-04,1.69E-04,1.72E-04,1.77E-04,1.86E-04,2.02E-04,2.26E-04,2.69E-04,3.49E-04,5.16E-04,8.45E-04,7.51E-04,4.47E-04,3.12E-04,2.50E-04,2.17E-04,1.98E-04,1.87E-04,1.80E-04,1.77E-04,1.76E-04,0,0,,0.000845382,0.000168014,0.000293975,,5.031622323,,,,,,,,,,,,,,
,100,0,0,1.50E-04,1.51E-04,1.53E-04,1.58E-04,1.66E-04,1.79E-04,2.01E-04,2.39E-04,3.11E-04,4.62E-04,7.66E-04,6.79E-04,4.00E-04,2.78E-04,2.22E-04,1.93E-04,1.76E-04,1.66E-04,1.60E-04,1.58E-04,1.56E-04,0,0,,0.000765811,0.00014955,0.000263151,,5.12077168,,,,,,,,,,,,,,
,,,,,,,,,,,,,,,,,,,,,,,,,,,,,,,,,,,,,,,,,,,,,,
variable ('R') times (0.0 100.0) (roi=('vl5') coord=(X=1.0 Y=0.0 Z=0.0)),,,,,,,,,,,,,,,,,,,,,,,,,,,,,,,,5.147054727,,,,,,,,,,,,,,
,Times,,,,,,,,,,,,,,,,,,,,,,,,,,,,,,,,,,,,,,,,,,,,,
Distances,,0,0.05,0.05,0.1,0.2,0.3,0.4,0.5,0.6,0.7,0.8,0.9,1,1.1,1.2,1.3,1.4,1.5,1.6,1.7,1.8,1.9,1.95,1.95,2,,,,,,,,,,,,,,,,,,,,
,0,0,0,0,0,0,0,0,0,0,0,0,0,0,0,0,0,0,0,0,0,0,0,0,0,0,,,,,,,,,,,,,,,,,,,,
,1,0,0,1.09E-04,1.09E-04,1.09E-04,1.09E-04,1.09E-04,1.09E-04,1.10E-04,1.11E-04,1.16E-04,1.26E-04,1.48E-04,1.41E-04,1.21E-04,1.13E-04,1.10E-04,1.08E-04,1.08E-04,1.08E-04,1.08E-04,1.08E-04,1.08E-04,0,0,,0.000147775,0.000107823,0.000114198,,1.370531959,,,,,,,,,,,,,,
,2,0,0,2.03E-04,2.03E-04,2.03E-04,2.02E-04,2.02E-04,2.01E-04,2.00E-04,2.01E-04,2.02E-04,2.09E-04,2.25E-04,2.21E-04,2.06E-04,2.01E-04,1.99E-04,1.99E-04,2.00E-04,2.00E-04,2.00E-04,2.01E-04,2.01E-04,0,0,,0.000225168,0.000199455,0.000203694,,1.128920118,,,,,,,,,,,,,,
,3,0,0,3.54E-04,3.54E-04,3.54E-04,3.53E-04,3.51E-04,3.50E-04,3.48E-04,3.46E-04,3.46E-04,3.50E-04,3.64E-04,3.60E-04,3.47E-04,3.44E-04,3.45E-04,3.46E-04,3.48E-04,3.49E-04,3.49E-04,3.50E-04,3.50E-04,0,0,,0.000363872,0.000344426,0.000350274,,1.056458286,,,,,,,,,,,,,,
,4,0,0,6.01E-04,6.00E-04,5.99E-04,5.97E-04,5.94E-04,5.90E-04,5.86E-04,5.81E-04,5.77E-04,5.77E-04,5.89E-04,5.85E-04,5.76E-04,5.76E-04,5.79E-04,5.83E-04,5.87E-04,5.89E-04,5.91E-04,5.92E-04,5.92E-04,0,0,,0.000600618,0.000575552,0.000587632,,1.043549988,,,,,,,,,,,,,,
,5,0,0,0.00103622,0.001035061,0.001032745,0.0010281,0.001021122,0.00101188,0.001000618,9.88E-04,9.76E-04,9.68E-04,9.74E-04,9.72E-04,9.68E-04,9.76E-04,9.86E-04,9.96E-04,0.001004294,0.001010444,0.001014497,0.001016494,0.001017492,0,0,,0.00103622,0.000967944,0.00100159,,1.070536869,,,,,,,,,,,,,,
,6,0,0,0.001992093,0.001988763,0.001982101,0.001968758,0.001948738,0.001922219,0.001889761,0.001852678,0.001813981,0.001780929,0.001769318,0.001770831,0.00178652,0.001816996,0.001849165,0.001877914,0.001901385,0.001918943,0.001930493,0.001936184,0.001939029,0,0,,0.001992093,0.001769318,0.001887467,,1.125910065,,,,,,,,,,,,,,
,7,0,0,0.006575035,0.006551707,0.006505053,0.006412572,0.006276135,0.006099454,0.005888937,0.005654751,0.005413168,0.005192994,0.005051072,0.005077037,0.00522947,0.005425334,0.005621954,0.005799338,0.005947047,0.006059594,0.006134664,0.006171958,0.006190605,0,0,,0.006575035,0.005051072,0.005870375,,1.301710776,,,,,,,,,,,,,,
,8,0,0,0.2776258,0.277553658,0.277409374,0.277117315,0.276670634,0.276061306,0.275283177,0.274337247,0.273245521,0.272095686,0.271187948,0.271377823,0.272298908,0.273278619,0.274140388,0.274845379,0.275390615,0.275783864,0.276036266,0.276158789,0.27622005,0,0,,0.2776258,0.271187948,0.274958018,,1.023739446,,,,,,,,,,,,,,
,9,0,0,0.499428246,0.499363035,0.499232611,0.498967613,0.498560135,0.498000411,0.497279074,0.496390738,0.495344771,0.494206927,0.493266648,0.493507747,0.494510492,0.495523215,0.496389078,0.497087392,0.497623806,0.498009651,0.498257246,0.498377555,0.498437709,0,0,,0.499428246,0.493266648,0.497036386,,1.012491415,,,,,,,,,,,,,,
,10,0,0,0.525560807,0.525495891,0.525366057,0.525102231,0.524696485,0.524138978,0.523420172,0.522534363,0.521490119,0.520351591,0.519407049,0.519650181,0.520657393,0.521670958,0.522535822,0.523232619,0.523767585,0.524152274,0.524399079,0.524519003,0.524578965,0,0,,0.525560807,0.519407049,0.523177506,,1.01184766,,,,,,,,,,,,,,
,11,0,0,0.482478083,0.482412957,0.482282707,0.482018049,0.481611091,0.481052086,0.480331736,0.479444917,0.478401603,0.477268955,0.476337596,0.476576414,0.477571745,0.478581036,0.479445528,0.480143269,0.480679434,0.481065166,0.481312704,0.481432997,0.481493144,0,0,,0.482478083,0.476337596,0.480092439,,1.012891039,,,,,,,,,,,,,,
,12,0,0,0.419709255,0.419643705,0.419512605,0.419246271,0.418836868,0.418274829,0.417551296,0.416662211,0.41562004,0.414496957,0.413586769,0.413818377,0.414794294,0.415796525,0.416660627,0.417360283,0.417898788,0.41828654,0.418535493,0.418656503,0.418717007,0,0,,0.419709255,0.413586769,0.417317393,,1.01480339,,,,,,,,,,,,,,
,13,0,0,0.355947191,0.355881067,0.355748819,0.355480219,0.355067529,0.354501435,0.353773701,0.352881726,0.351841242,0.350730552,0.349846203,0.350068759,0.351020559,0.352013503,0.352876888,0.353578958,0.354120517,0.354510939,0.354761772,0.354883738,0.354944721,0,0,,0.355947191,0.349846203,0.353546668,,1.017439056,,,,,,,,,,,,,,
,14,0,0,0.297806548,0.297739718,0.297606056,0.297334672,0.296917961,0.296346951,0.295614227,0.294719029,0.293681011,0.292585243,0.29172983,0.291941958,0.292866171,0.293847722,0.29470984,0.295414592,0.295959752,0.296353381,0.296606494,0.296729623,0.296791187,0,0,,0.297806548,0.29172983,0.295395332,,1.020829953,,,,,,,,,,,,,,
,15,0,0,0.247147055,0.247079382,0.246944036,0.246669348,0.246247893,0.245671157,0.24493276,0.244034195,0.242999624,0.241921172,0.241096833,0.241297433,0.242191264,0.243159299,0.244019386,0.244726922,0.245276136,0.245673468,0.245929244,0.246053739,0.246115986,0,0,,0.247147055,0.241096833,0.244723159,,1.025094572,,,,,,,,,,,,,,
,16,0,0,0.203969595,0.203900935,0.203763615,0.203485068,0.203058117,0.202474839,0.201730158,0.200828245,0.199798286,0.198739435,0.197947613,0.198135781,0.198996879,0.199949212,0.200806291,0.201516556,0.202070206,0.202471717,0.202730539,0.202856605,0.202919638,0,0,,0.203969595,0.197947613,0.201530921,,1.030422102,,,,,,,,,,,,,,
,17,0,0,0.167582298,0.167512489,0.167372872,0.167089858,0.166656603,0.166065949,0.165314425,0.164409336,0.163385314,0.162348233,0.161589808,0.161764798,0.16259115,0.163525513,0.164378374,0.165091142,0.165649528,0.166055678,0.166317941,0.166445797,0.166509725,0,0,,0.167582298,0.161589808,0.165126516,,1.037084576,,,,,,,,,,,,,,
,18,0,0,0.1370747,0.137003559,0.136861279,0.136573115,0.136132671,0.135533769,0.134774898,0.133866958,0.13285035,0.131837089,0.1311125,0.131273677,0.132063502,0.132977519,0.133824699,0.134539541,0.135102868,0.135514091,0.135780199,0.135910074,0.135975012,0,0,,0.1370747,0.1311125,0.134599146,,1.045473917,,,,,,,,,,,,,,
,19,0,0,0.111504739,0.111432055,0.111286687,0.110992591,0.110543971,0.1099359,0.109169234,0.108258941,0.107251395,0.106263948,0.105573357,0.10572013,0.106471716,0.107362819,0.108202535,0.108918765,0.1094871,0.109903792,0.11017415,0.110306285,0.110372353,0,0,,0.111504739,0.105573357,0.109006308,,1.056182567,,,,,,,,,,,,,,
,20,0,0,0.089952418,0.089877937,0.089728973,0.089428024,0.088970102,0.088351877,0.087577053,0.08666516,0.085668648,0.084709191,0.084052779,0.084184479,0.084895837,0.085761001,0.086590964,0.087307511,0.087880708,0.088303182,0.088578187,0.08871283,0.088780152,0,0,,0.089952418,0.084052779,0.087427477,,1.070189697,,,,,,,,,,,,,,
,21,0,0,0.071483446,0.071406852,0.071253663,0.070944744,0.070476213,0.069846811,0.069063708,0.06815156,0.06716893,0.066240579,0.065619254,0.065734855,0.066402852,0.067237818,0.068054657,0.068769679,0.06934715,0.06977552,0.070055508,0.070192898,0.070261593,0,0,,0.071483446,0.065619254,0.068928014,,1.089366946,,,,,,,,,,,,,,
,22,0,0,0.054956648,0.054877549,0.05471935,0.054401141,0.053920652,0.053279459,0.052489133,0.051580266,0.050617551,0.049727126,0.049144755,0.049242117,0.049859728,0.05065623,0.051453286,0.052162624,0.052742352,0.053175972,0.053460923,0.053601172,0.053671296,0,0,,0.054956648,0.049144755,0.05236854,,1.118260685,,,,,,,,,,,,,,
,23,0,0,0.038170221,0.038088543,0.037925187,0.037598012,0.037107573,0.036460028,0.035673327,0.034785478,0.03386694,0.033041,0.032516288,0.032589061,0.033131627,0.033862057,0.034615904,0.035302587,0.035873657,0.036306204,0.036592862,0.036734631,0.036805516,0,0,,0.038170221,0.032516288,0.035573652,,1.173880014,,,,,,,,,,,,,,
,24,0,0,0.0129328,0.012871988,0.012750364,0.012510193,0.012158512,0.011709041,0.01118509,0.010622416,0.010072904,0.009610842,0.009341162,0.009364041,0.009631725,0.010031763,0.010473177,0.010896639,0.011263693,0.011550753,0.011745367,0.011842924,0.011891703,0,0,,0.0129328,0.009341162,0.011164624,,1.3844958,,,,,,,,,,,,,,
,25,0,0,0.001001635,1.00E-03,9.96E-04,9.88E-04,9.76E-04,9.60E-04,9.42E-04,9.21E-04,9.02E-04,8.91E-04,8.97E-04,8.94E-04,8.91E-04,9.03E-04,9.19E-04,9.35E-04,9.49E-04,9.59E-04,9.66E-04,9.69E-04,9.71E-04,0,0,,0.001001635,0.000890558,0.000944176,,1.124726386,,,,,,,,,,,,,,
,26,0,0,7.25E-04,7.24E-04,7.22E-04,7.19E-04,7.14E-04,7.07E-04,6.99E-04,6.90E-04,6.83E-04,6.81E-04,6.92E-04,6.88E-04,6.79E-04,6.82E-04,6.89E-04,6.96E-04,7.01E-04,7.06E-04,7.09E-04,7.10E-04,7.11E-04,0,0,,0.000724794,0.000679314,0.000701233,,1.066950714,,,,,,,,,,,,,,
,27,0,0,9.16E-04,9.15E-04,9.13E-04,9.08E-04,9.02E-04,8.94E-04,8.84E-04,8.72E-04,8.62E-04,8.56E-04,8.64E-04,8.61E-04,8.55E-04,8.61E-04,8.71E-04,8.79E-04,8.87E-04,8.92E-04,8.96E-04,8.98E-04,8.99E-04,0,0,,0.000915892,0.000855473,0.000884964,,1.07062717,,,,,,,,,,,,,,
,28,0,0,0.001413952,0.001411952,0.001407953,0.001399937,0.001387902,0.001371955,0.001352463,0.00133035,0.001307846,0.001290571,0.001290492,0.001289491,0.001292785,0.001309121,0.001327944,0.001345138,0.00135927,0.001369862,0.001376834,0.001380269,0.001381987,0,0,,0.001413952,0.001289491,0.001352289,,1.096519132,,,,,,,,,,,,,,
,29,0,0,0.002728289,0.002722532,0.002711019,0.002688009,0.002653612,0.002608262,0.002553042,0.002490185,0.002424298,0.002365613,0.002335983,0.002341183,0.002376238,0.002429714,0.002484259,0.002532809,0.002572539,0.002602358,0.002622028,0.002631735,0.002636589,0,0,,0.002728289,0.002335983,0.002548109,,1.167940541,,,,,,,,,,,,,,
,30,0,0,0.017059629,0.016973306,0.016800661,0.016460489,0.015963587,0.015329119,0.014587075,0.0137804,0.012968969,0.012241571,0.011752893,0.011823719,0.012310975,0.012931381,0.013567959,0.014156369,0.014656242,0.015042802,0.015303192,0.015433255,0.015498286,0,0,,0.017059629,0.011752893,0.014506756,,1.451525978,,,,,,,,,,,,,,
,31,0,0,0.360568966,0.360501505,0.360366585,0.360092766,0.359672465,0.359096523,0.358356856,0.357450924,0.356394212,0.35526407,0.354356682,0.354576963,0.355537325,0.356534565,0.357399992,0.358103088,0.358645122,0.359035669,0.35928643,0.359408286,0.359469215,0,0,,0.360568966,0.354356682,0.358100867,,1.017531159,,,,,,,,,,,,,,
,32,0,0,0.500270963,0.500205824,0.500075544,0.499810831,0.499403778,0.49884461,0.498123929,0.497236364,0.496191253,0.495054352,0.494115154,0.494356202,0.495358312,0.496370558,0.497236033,0.497934017,0.498470174,0.49885583,0.499103294,0.499223545,0.499283671,0,0,,0.500270963,0.494115154,0.497882107,,1.012458249,,,,,,,,,,,,,,
,33,0,0,0.497787038,0.497721981,0.497591866,0.497327475,0.496920902,0.496362366,0.495642482,0.49475591,0.493712094,0.49257707,0.491640614,0.491881075,0.492880987,0.493891999,0.494756728,0.495454194,0.495989975,0.496375366,0.49662266,0.496742827,0.49680291,0,0,,0.497787038,0.491640614,0.495401834,,1.012501864,,,,,,,,,,,,,,
,34,0,0,0.447381334,0.44731598,0.447185272,0.446919713,0.446511438,0.445950797,0.445228718,0.444340638,0.443297851,0.442170204,0.441250131,0.441485111,0.442470121,0.443475726,0.444340071,0.445038865,0.445576296,0.445963115,0.446211411,0.44633209,0.446392429,0,0,,0.447381334,0.441250131,0.444992253,,1.013895073,,,,,,,,,,,,,,
,35,0,0,0.385298777,0.385232936,0.385101255,0.38483377,0.384422696,0.38385859,0.383132904,0.382242307,0.381200915,0.380084061,0.379187119,0.37941411,0.380377716,0.381375296,0.382239094,0.382940008,0.383480079,0.383869191,0.3841191,0.384240595,0.384301343,0,0,,0.385298777,0.379187119,0.38290247,,1.016117791,,,,,,,,,,,,,,
,36,0,0,0.324992561,0.324926087,0.324793139,0.324523158,0.324108469,0.323539924,0.322809685,0.321916056,0.320876718,0.319773418,0.31890369,0.319121009,0.320058947,0.321046275,0.3219091,0.322612544,0.323155913,0.323547935,0.323799903,0.323922446,0.323983718,0,0,,0.324992561,0.31890369,0.3225867,,1.019093137,,,,,,,,,,,,,,
,37,0,0,0.271003055,0.270935811,0.270801323,0.270528316,0.270109271,0.269535434,0.268799888,0.26790297,0.266866565,0.265779325,0.264939529,0.265145902,0.266054946,0.26702988,0.267891079,0.268597254,0.269144436,0.269539897,0.269794323,0.269918123,0.269980023,0,0,,0.271003055,0.264939529,0.268585588,,1.022886451,,,,,,,,,,,,,,
,38,0,0,0.224379146,0.224310991,0.224174682,0.223898109,0.223473965,0.222894013,0.222152501,0.221252222,0.220219824,0.219151012,0.21834299,0.218537396,0.219414927,0.220375294,0.221233999,0.221942939,0.222494361,0.222893753,0.223151024,0.223276288,0.22333892,0,0,,0.224379146,0.21834299,0.221948017,,1.027645291,,,,,,,,,,,,,,
,39,0,0,0.184824512,0.184755294,0.184616856,0.184336135,0.183906108,0.183319213,0.182571142,0.181667592,0.180640446,0.179592305,0.17881724,0.178998848,0.179842662,0.180786226,0.181641347,0.182352918,0.182908927,0.183312723,0.183573232,0.183700174,0.183763644,0,0,,0.184824512,0.17881724,0.182377502,,1.033594479,,,,,,,,,,,,,,
,40,0,0,0.151561143,0.151490689,0.151349781,0.151064265,0.150627508,0.150032814,0.149277651,0.148371073,0.147350582,0.146325227,0.145583784,0.145751901,0.146560097,0.147484536,0.148334743,0.149048625,0.14960948,0.150018131,0.150282278,0.150411121,0.150475543,0,0,,0.151561143,0.145583784,0.149095761,,1.041057864,,,,,,,,,,,,,,
,41,0,0,0.123676628,0.123604741,0.123460967,0.123169928,0.122725508,0.122122119,0.121359382,0.120450182,0.1194379,0.118437345,0.117729811,0.117883831,0.118654678,0.119557533,0.120401217,0.121116863,0.121682708,0.122096633,0.122364825,0.122495805,0.122561295,0,0,,0.123676628,0.117729811,0.121189995,,1.050512412,,,,,,,,,,,,,,
,42,0,0,0.100251723,0.100178172,0.10003107,0.099733661,0.099280526,0.098667488,0.097896765,0.096985549,0.095983253,0.095009536,0.094336037,0.094475349,0.095207054,0.096085579,0.096920739,0.097637297,0.098208109,0.09862767,0.098900312,0.099033674,0.099100355,0,0,,0.100251723,0.094336037,0.097740472,,1.062708645,,,,,,,,,,,,,,
,43,0,0,0.080376747,0.08030125,0.080150258,0.079845469,0.079382406,0.078758703,0.077979712,0.077067451,0.07607743,0.075133045,0.074493999,0.074617802,0.075307965,0.076158676,0.076982603,0.077698698,0.07827416,0.078699598,0.078977067,0.07911306,0.079181056,0,0,,0.080376747,0.074493999,0.077837007,,1.078969421,,,,,,,,,,,,,,
,44,0,0,0.063059993,0.062982196,0.062826603,0.062513199,0.062038822,0.061403506,0.06061647,0.059705212,0.058731364,0.057820648,0.057217948,0.05732482,0.057968964,0.05878622,0.059594409,0.060307409,0.060886456,0.061317647,0.061600179,0.06173901,0.061808425,0,0,,0.063059993,0.057217948,0.060488072,,1.102101612,,,,,,,,,,,,,,
,45,0,0,0.046838851,0.046758373,0.046597418,0.046274239,0.045787731,0.045141412,0.044349668,0.043446551,0.042499791,0.041635057,0.041076819,0.041163256,0.041749122,0.042519112,0.043300256,0.044002587,0.04458095,0.045015892,0.045302743,0.045444214,0.04551495,0,0,,0.046838851,0.041076819,0.044238047,,1.140274553,,,,,,,,,,,,,,
,46,0,0,0.027686344,0.027605457,0.027443682,0.027121063,0.026640926,0.026013435,0.025261257,0.024426446,0.02357993,0.022836241,0.022375339,0.022428241,0.022893992,0.023544364,0.024232743,0.024872082,0.025411834,0.025825281,0.026101416,0.026238599,0.02630719,0,0,,0.027686344,0.022375339,0.025183136,,1.237359736,,,,,,,,,,,,,,
,47,0,0,0.002472257,0.002462741,0.002443708,0.002406065,0.002350807,0.002279903,0.002196755,0.002106841,0.002018988,0.001948061,0.001917159,0.001920971,0.001959254,0.002026186,0.002100988,0.002171981,0.002232793,0.00227994,0.002311737,0.002327637,0.002335588,0,0,,0.002472257,0.001917159,0.00220335,,1.289542106,,,,,,,,,,,,,,
,48,0,0,7.51E-04,7.50E-04,7.48E-04,7.44E-04,7.37E-04,7.29E-04,7.20E-04,7.09E-04,7.00E-04,6.96E-04,7.08E-04,7.04E-04,6.95E-04,6.99E-04,7.07E-04,7.15E-04,7.22E-04,7.28E-04,7.31E-04,7.33E-04,7.34E-04,0,0,,0.000750839,0.000695264,0.00072195,,1.079933121,,,,,,,,,,,,,,
,49,0,0,7.88E-04,7.87E-04,7.85E-04,7.82E-04,7.77E-04,7.70E-04,7.61E-04,7.52E-04,7.44E-04,7.40E-04,7.51E-04,7.47E-04,7.39E-04,7.43E-04,7.50E-04,7.58E-04,7.64E-04,7.68E-04,7.71E-04,7.73E-04,7.74E-04,0,0,,0.000788079,0.00073942,0.000763027,,1.065806232,,,,,,,,,,,,,,
,50,0,0,0.001114647,0.001113251,0.001110459,0.001104866,0.001096469,0.001085356,0.00107182,0.001056611,0.0010416,0.001031607,0.001036768,0.001034631,0.001032249,0.001042036,0.001054668,0.001066513,0.001076335,0.001083723,0.001088593,0.001090993,0.001092194,0,0,,0.001114647,0.001031607,0.001072637,,1.080495781,,,,,,,,,,,,,,
,51,0,0,0.00188619,0.001883034,0.001876721,0.00186408,0.001845118,0.001820015,0.001789322,0.001754326,0.001717977,0.001687368,0.001677727,0.001678769,0.001692381,0.001720699,0.001750949,0.001778093,0.001800294,0.001816918,0.001827859,0.00183325,0.001835946,0,0,,0.00188619,0.001677727,0.001787478,,1.12425284,,,,,,,,,,,,,,
,52,0,0,0.004727836,0.004713732,0.004685522,0.004629428,0.004546244,0.004437769,0.004307399,0.00416097,0.004008629,0.003869842,0.003784339,0.003800324,0.003894453,0.004019093,0.004144072,0.004256009,0.004348531,0.004418601,0.004465134,0.004488193,0.004499722,0,0,,0.004727836,0.003784339,0.004295516,,1.249316377,,,,,,,,,,,,,,
,53,0,0,0.179174414,0.179086088,0.178909436,0.178553926,0.178014936,0.177288115,0.176373463,0.175282082,0.174051923,0.172792106,0.171814713,0.171960321,0.172870282,0.173877147,0.174789403,0.175551012,0.176147978,0.176582133,0.176862001,0.176998035,0.177066052,0,0,,0.179174414,0.171814713,0.175906932,,1.042835106,,,,,,,,,,,,,,
,54,0,0,0.458114698,0.458049111,0.457917938,0.45765146,0.457241822,0.456679368,0.455954984,0.455063946,0.454017072,0.452883077,0.451953516,0.45219033,0.453182571,0.454191919,0.455058167,0.455758072,0.456296218,0.456683502,0.456932075,0.457052877,0.457113279,0,0,,0.458114698,0.451953516,0.455713619,,1.013632336,,,,,,,,,,,,,,
,55,0,0,0.508896762,0.508831736,0.508701684,0.508437419,0.508031029,0.507472712,0.506753021,0.505866464,0.504822112,0.503685202,0.502744867,0.502986528,0.503989879,0.505002237,0.505867241,0.506564604,0.507100184,0.507485384,0.507732541,0.50785264,0.50791269,0,0,,0.508896762,0.502744867,0.506511283,,1.012236615,,,,,,,,,,,,,,
,56,0,0,0.475512232,0.475447056,0.475316704,0.475051847,0.474644594,0.474085221,0.473364468,0.47247732,0.471433995,0.470302158,0.469372784,0.469610906,0.470604408,0.471613096,0.472477631,0.473175624,0.47371207,0.474098038,0.474345739,0.474466114,0.474526302,0,0,,0.475512232,0.469372784,0.473125634,,1.013080111,,,,,,,,,,,,,,
,57,0,0,0.416646642,0.416581064,0.416449909,0.416183466,0.415773904,0.415211666,0.414487919,0.413598667,0.41255651,0.411433889,0.410524753,0.410755986,0.411730922,0.412732805,0.413596915,0.414296701,0.414835356,0.415223235,0.415472276,0.415593331,0.415653858,0,0,,0.416646642,0.410524753,0.414254275,,1.014912351,,,,,,,,,,,,,,
,58,0,0,0.354516499,0.354450358,0.354318075,0.354049409,0.35363662,0.353070404,0.352342543,0.351450476,0.350410014,0.349299612,0.348415867,0.348638202,0.349589426,0.350582151,0.351445531,0.352147674,0.352689324,0.353079824,0.353330713,0.353452708,0.353513705,0,0,,0.354516499,0.348415867,0.352115673,,1.017509625,,,,,,,,,,,,,,
,59,0,0,0.297093725,0.297026883,0.296893198,0.296621771,0.296204995,0.295633908,0.294901104,0.29400585,0.292967856,0.291872283,0.291017245,0.291229231,0.29215308,0.293134479,0.293996584,0.29470138,0.295246597,0.295640276,0.295893424,0.296016571,0.296078144,0,0,,0.297093725,0.291017245,0.294682314,,1.020880139,,,,,,,,,,,,,,
,60,0,0,0.246769962,0.246702281,0.246566918,0.246292198,0.245870698,0.245293906,0.244555453,0.243656853,0.242622306,0.241543993,0.240719898,0.240920403,0.241813988,0.242781914,0.243641987,0.244349552,0.244898805,0.245296172,0.245551971,0.245676477,0.245738729,0,0,,0.246769962,0.240719898,0.244345927,,1.025133213,,,,,,,,,,,,,,
,61,0,0,0.203760093,0.203691426,0.203554092,0.203275522,0.202848537,0.202265219,0.201520498,0.200618562,0.199588624,0.198529875,0.19773822,0.197926322,0.198787247,0.199739497,0.20059656,0.201306843,0.20186052,0.202262056,0.202520897,0.202646973,0.202710011,0,0,,0.203760093,0.19773822,0.201321314,,1.030453762,,,,,,,,,,,,,,
,62,0,0,0.167461695,0.167391881,0.167252253,0.16696922,0.166535939,0.165945254,0.1651937,0.164288595,0.163264593,0.162227589,0.16146928,0.161644222,0.162470449,0.163404747,0.164257593,0.164970372,0.165528779,0.165934947,0.166197225,0.166325089,0.16638902,0,0,,0.167461695,0.16146928,0.165005831,,1.037111795,,,,,,,,,,,,,,
,63,0,0,0.137003795,0.13693265,0.136790362,0.136502182,0.136061717,0.13546279,0.134703897,0.133795946,0.132779354,0.131766152,0.131041645,0.131202787,0.13199252,0.132906486,0.133753653,0.134468501,0.135031843,0.135443081,0.1357092,0.135839081,0.135904022,0,0,,0.137003795,0.131041645,0.134528174,,1.045498128,,,,,,,,,,,,,,
,64,0,0,0.111462793,0.111390106,0.111244731,0.110950622,0.110501985,0.109893894,0.10912721,0.10821691,0.107209379,0.106221975,0.105531441,0.105678189,0.106429708,0.10732077,0.108160474,0.108876708,0.109445054,0.109861756,0.110132124,0.110264264,0.110330334,0,0,,0.111462793,0.105531441,0.108964306,,1.056204601,,,,,,,,,,,,,,
,65,0,0,0.089927904,0.089853419,0.08970445,0.089403491,0.088945555,0.088327314,0.087552477,0.086640579,0.085644078,0.084684654,0.084028281,0.084159962,0.084871272,0.085736405,0.086566357,0.087282905,0.087856109,0.088278591,0.088553604,0.088688251,0.088755575,0,0,,0.089927904,0.084028281,0.087402916,,1.070209974,,,,,,,,,,,,,,
,66,0,0,0.071469621,0.071393024,0.07123983,0.070930903,0.070462362,0.069832949,0.069049836,0.068137684,0.067155063,0.066226735,0.065605436,0.065721023,0.066388985,0.067223927,0.068040755,0.068755777,0.069333253,0.069761631,0.070041622,0.070179014,0.070247711,0,0,,0.071469621,0.065605436,0.06891415,,1.089385652,,,,,,,,,,,,,,
,67,0,0,0.054949547,0.054870446,0.054712244,0.054394029,0.053913532,0.05327233,0.052481998,0.051573128,0.050610421,0.04972001,0.049137655,0.049235008,0.049852597,0.050649082,0.05144613,0.052155466,0.052735197,0.05316882,0.053453775,0.053594026,0.053664151,0,0,,0.054949547,0.049137655,0.052361409,,1.118277773,,,,,,,,,,,,,,
,68,0,0,0.038167592,0.038085913,0.037922556,0.037595377,0.037104933,0.036457384,0.035670679,0.03478283,0.033864297,0.033038363,0.032513656,0.032586423,0.033128982,0.033859403,0.034613244,0.035299925,0.035870995,0.036303543,0.036590203,0.036731972,0.036802857,0,0,,0.038167592,0.032513656,0.035571006,,1.173894206,,,,,,,,,,,,,,
,69,0,0,0.012933601,0.012872786,0.012751156,0.012510974,0.012159276,0.011709782,0.011185804,0.010623101,0.010073558,0.009611469,0.009341772,0.009364653,0.009632354,0.010032414,0.010473852,0.010897336,0.01126441,0.011551483,0.011746107,0.011843669,0.01189245,0,0,,0.012933601,0.009341772,0.011165334,,1.384491205,,,,,,,,,,,,,,
,70,0,0,0.001001736,1.00E-03,9.96E-04,9.88E-04,9.76E-04,9.60E-04,9.42E-04,9.21E-04,9.02E-04,8.91E-04,8.97E-04,8.94E-04,8.91E-04,9.03E-04,9.19E-04,9.35E-04,9.49E-04,9.59E-04,9.66E-04,9.69E-04,9.71E-04,0,0,,0.001001736,0.00089064,0.000944267,,1.124737136,,,,,,,,,,,,,,
,71,0,0,7.25E-04,7.24E-04,7.22E-04,7.19E-04,7.14E-04,7.07E-04,6.99E-04,6.90E-04,6.83E-04,6.81E-04,6.92E-04,6.88E-04,6.79E-04,6.82E-04,6.89E-04,6.96E-04,7.01E-04,7.06E-04,7.09E-04,7.10E-04,7.11E-04,0,0,,0.000724832,0.000679346,0.000701268,,1.066954365,,,,,,,,,,,,,,
,72,0,0,9.16E-04,9.15E-04,9.13E-04,9.08E-04,9.02E-04,8.94E-04,8.84E-04,8.72E-04,8.62E-04,8.56E-04,8.64E-04,8.61E-04,8.56E-04,8.61E-04,8.71E-04,8.79E-04,8.87E-04,8.92E-04,8.96E-04,8.98E-04,8.99E-04,0,0,,0.000915925,0.000855501,0.000884995,,1.070629629,,,,,,,,,,,,,,
,73,0,0,0.001413995,0.001411995,0.001407995,0.001399979,0.001387943,0.001371995,0.001352503,0.001330388,0.001307883,0.001290607,0.001290527,0.001289527,0.001292821,0.001309158,0.001327983,0.001345178,0.00135931,0.001369903,0.001376875,0.00138031,0.001382028,0,0,,0.001413995,0.001289527,0.001352329,,1.096522206,,,,,,,,,,,,,,
,74,0,0,0.002728387,0.002722629,0.002711115,0.002688105,0.002653705,0.002608352,0.002553129,0.002490268,0.002424377,0.002365689,0.002336057,0.002341257,0.002376314,0.002429794,0.002484342,0.002532895,0.002572627,0.002602448,0.002622119,0.002631827,0.002636681,0,0,,0.002728387,0.002336057,0.002548196,,1.167945485,,,,,,,,,,,,,,
,75,0,0,0.017062465,0.016976127,0.01680345,0.016463214,0.01596622,0.015331633,0.014589452,0.013782626,0.012971044,0.012243511,0.011754738,0.011825574,0.012312918,0.012933434,0.013570126,0.014158642,0.014658606,0.015045235,0.015305673,0.015435759,0.015500803,0,0,,0.017062465,0.011754738,0.014509107,,1.451539437,,,,,,,,,,,,,,
,76,0,0,0.360577662,0.360510202,0.360375282,0.360101464,0.359681164,0.359105224,0.358365559,0.357459629,0.356402918,0.355272776,0.354365387,0.35458567,0.355546035,0.356543278,0.357408705,0.358111801,0.358653835,0.359044382,0.359295143,0.359416999,0.359477928,0,0,,0.360577662,0.354365387,0.358109573,,1.017530705,,,,,,,,,,,,,,
,77,0,0,0.50027152,0.50020638,0.500076101,0.499811387,0.499404335,0.498845166,0.498124486,0.497236922,0.496191812,0.49505491,0.494115709,0.494356756,0.49535887,0.496371117,0.497236593,0.497934576,0.498470732,0.498856389,0.499103853,0.499224104,0.499284229,0,0,,0.50027152,0.494115709,0.497882664,,1.012458237,,,,,,,,,,,,,,
,78,0,0,0.497784728,0.49771967,0.497589553,0.497325162,0.496918589,0.496360056,0.495640174,0.494753602,0.493709784,0.492574758,0.491638301,0.491878762,0.492878673,0.493889687,0.494754418,0.495451884,0.495987663,0.496373051,0.496620345,0.496740513,0.496800598,0,0,,0.497784728,0.491638301,0.495399522,,1.012501929,,,,,,,,,,,,,,
,79,0,0,0.447378132,0.447312779,0.447182073,0.446916514,0.446508239,0.445947596,0.445225516,0.444337435,0.443294647,0.442167001,0.441246928,0.441481912,0.442466918,0.443472524,0.444336868,0.445035664,0.445573095,0.445959915,0.446208212,0.44632889,0.446389228,0,0,,0.447378132,0.441246928,0.444989052,,1.013895177,,,,,,,,,,,,,,
,80,0,0,0.385295689,0.385229848,0.385098166,0.384830682,0.384419607,0.383855501,0.383129814,0.382239217,0.381197827,0.380080974,0.37918403,0.379411021,0.380374626,0.381372206,0.382236005,0.382936919,0.38347699,0.383866102,0.384116011,0.384237506,0.384298254,0,0,,0.385295689,0.37918403,0.382899381,,1.016117924,,,,,,,,,,,,,,
,81,0,0,0.324989783,0.324923309,0.32479036,0.324520379,0.32410569,0.323537145,0.322806906,0.321913276,0.320873938,0.319770639,0.318900913,0.319118232,0.320056168,0.321043495,0.32190632,0.322609764,0.323153133,0.323545156,0.323797124,0.323919668,0.32398094,0,0,,0.324989783,0.318900913,0.322583921,,1.019093298,,,,,,,,,,,,,,
,82,0,0,0.271000648,0.270933404,0.270798916,0.27052591,0.270106865,0.269533027,0.268797481,0.267900563,0.266864158,0.265776918,0.264937124,0.265143497,0.266052539,0.267027473,0.267888671,0.268594847,0.269142029,0.26953749,0.269791916,0.269915716,0.269977617,0,0,,0.271000648,0.264937124,0.268583181,,1.022886654,,,,,,,,,,,,,,
,83,0,0,0.224377109,0.224308954,0.224172645,0.223896072,0.223471927,0.222891975,0.222150463,0.221250184,0.220217786,0.219148974,0.218340953,0.218535359,0.219412888,0.220373255,0.22123196,0.2219409,0.222492322,0.222891714,0.223148986,0.22327425,0.223336882,0,0,,0.224377109,0.218340953,0.221945979,,1.027645551,,,,,,,,,,,,,,
,84,0,0,0.184822822,0.184753603,0.184615166,0.184334444,0.183904417,0.183317521,0.182569451,0.1816659,0.180638755,0.179590614,0.178815551,0.178997158,0.179840971,0.180784534,0.181639655,0.182351226,0.182907236,0.183311031,0.183571541,0.183698482,0.183761953,0,0,,0.184822822,0.178815551,0.182375811,,1.033594788,,,,,,,,,,,,,,
,85,0,0,0.151559756,0.151489302,0.151348393,0.151062877,0.15062612,0.150031426,0.149276262,0.148369684,0.147349193,0.14632384,0.145582399,0.145750515,0.146558709,0.147483147,0.148333354,0.149047235,0.149608091,0.150016742,0.150280889,0.150409732,0.150474154,0,0,,0.151559756,0.145582399,0.149094372,,1.041058238,,,,,,,,,,,,,,
,86,0,0,0.123675436,0.123603549,0.123459775,0.123168736,0.122724316,0.122120926,0.121358189,0.120448989,0.119436707,0.118436153,0.117728621,0.11788264,0.118653486,0.11955634,0.120400023,0.121115669,0.121681515,0.12209544,0.122363632,0.122494612,0.122560102,0,0,,0.123675436,0.117728621,0.121188803,,1.050512911,,,,,,,,,,,,,,
,87,0,0,0.100250702,0.100177151,0.100030049,0.09973264,0.099279505,0.098666467,0.097895743,0.096984526,0.095982231,0.095008516,0.094335019,0.09447433,0.095206033,0.096084556,0.096919715,0.097636274,0.098207087,0.098626648,0.098899289,0.099032652,0.099099333,0,0,,0.100250702,0.094335019,0.097739451,,1.062709304,,,,,,,,,,,,,,
,88,0,0,0.08037589,0.080300394,0.0801494,0.079844611,0.079381547,0.078757845,0.077978853,0.077066591,0.07607657,0.075132185,0.074493138,0.074616942,0.075307106,0.076157815,0.076981742,0.077697838,0.078273299,0.078698737,0.078976207,0.0791122,0.079180196,0,0,,0.08037589,0.074493138,0.077836148,,1.078970387,,,,,,,,,,,,,,
,89,0,0,0.063059161,0.062981365,0.062825771,0.062512366,0.062037989,0.061402673,0.060615636,0.059704378,0.058730531,0.057819817,0.057217119,0.05732399,0.057968131,0.058785386,0.059593574,0.060306573,0.06088562,0.061316812,0.061599344,0.061738175,0.06180759,0,0,,0.063059161,0.057217119,0.060487238,,1.102103051,,,,,,,,,,,,,,
,90,0,0,0.046837995,0.046757517,0.046596562,0.046273383,0.045786875,0.045140556,0.044348812,0.043445696,0.042498939,0.041634208,0.041075974,0.04116241,0.041748271,0.042518258,0.043299399,0.044001729,0.044580091,0.045015033,0.045301883,0.045443355,0.045514091,0,0,,0.046837995,0.041075974,0.044237192,,1.140277184,,,,,,,,,,,,,,
,91,0,0,0.027685216,0.02760433,0.027442556,0.027119938,0.026639804,0.026012318,0.025260146,0.024425345,0.023578841,0.022835164,0.022374271,0.022427171,0.022892911,0.023543272,0.02423164,0.024870972,0.025410718,0.025824161,0.026100294,0.026237475,0.026306066,0,0,,0.027685216,0.022374271,0.025182029,,1.237368401,,,,,,,,,,,,,,
,92,0,0,0.00247193,0.002462415,0.002443386,0.002405751,0.002350504,0.002279613,0.002196481,0.002106584,0.002018748,0.001947834,0.00191694,0.001920751,0.001959025,0.002025944,0.002100733,0.002171713,0.002232513,0.002279651,0.002311442,0.00232734,0.002335289,0,0,,0.00247193,0.00191694,0.002203076,,1.289518518,,,,,,,,,,,,,,
,93,0,0,7.51E-04,7.50E-04,7.48E-04,7.44E-04,7.37E-04,7.29E-04,7.20E-04,7.09E-04,7.00E-04,6.96E-04,7.08E-04,7.04E-04,6.95E-04,6.99E-04,7.07E-04,7.15E-04,7.22E-04,7.28E-04,7.31E-04,7.33E-04,7.34E-04,0,0,,0.00075083,0.000695257,0.000721942,,1.079930986,,,,,,,,,,,,,,
,94,0,0,7.88E-04,7.87E-04,7.85E-04,7.82E-04,7.77E-04,7.70E-04,7.61E-04,7.52E-04,7.44E-04,7.40E-04,7.51E-04,7.47E-04,7.39E-04,7.43E-04,7.50E-04,7.58E-04,7.64E-04,7.68E-04,7.71E-04,7.73E-04,7.74E-04,0,0,,0.000788088,0.000739429,0.000763036,,1.065806428,,,,,,,,,,,,,,
,95,0,0,0.001114669,0.001113274,0.001110482,0.001104888,0.001096491,0.001085378,0.001071841,0.001056632,0.00104162,0.001031626,0.001036788,0.00103465,0.001032269,0.001042056,0.001054689,0.001066535,0.001076357,0.001083745,0.001088615,0.001091015,0.001092216,0,0,,0.001114669,0.001031626,0.001072659,,1.080496963,,,,,,,,,,,,,,
,96,0,0,0.001886247,0.00188309,0.001876777,0.001864135,0.001845173,0.001820069,0.001789374,0.001754377,0.001718025,0.001687414,0.001677773,0.001678814,0.001692428,0.001720748,0.001750999,0.001778145,0.001800347,0.001816971,0.001827912,0.001833304,0.001836,0,0,,0.001886247,0.001677773,0.00178753,,1.124256188,,,,,,,,,,,,,,
,97,0,0,0.004728152,0.004714046,0.004685833,0.004629733,0.004546541,0.004438054,0.004307671,0.004161227,0.004008871,0.003870071,0.003784558,0.003800545,0.003894684,0.004019336,0.004144327,0.004256275,0.004348806,0.004418883,0.004465421,0.004488482,0.004500013,0,0,,0.004728152,0.003784558,0.004295787,,1.249327301,,,,,,,,,,,,,,
,98,0,0,0.179194731,0.179106412,0.178929773,0.17857429,0.178035339,0.177308569,0.176393975,0.175302658,0.174072562,0.172812799,0.171835448,0.171981064,0.172891006,0.173897842,0.174810064,0.175571639,0.176168576,0.176602707,0.176882559,0.177018585,0.177086598,0,0,,0.179194731,0.171835448,0.175927485,,1.042827501,,,,,,,,,,,,,,
,99,0,0,0.458120491,0.458054905,0.457923733,0.457657255,0.457247617,0.456685164,0.45596078,0.455069742,0.454022866,0.452888873,0.451959311,0.452196124,0.45318837,0.454197717,0.455063963,0.455763869,0.456302015,0.456689299,0.456937871,0.457058674,0.457119075,0,0,,0.458120491,0.451959311,0.455719415,,1.013632157,,,,,,,,,,,,,,
,100,0,0,0.508896212,0.508831184,0.508701128,0.508436861,0.508030473,0.507472159,0.506752467,0.505865911,0.504821561,0.50368464,0.502744301,0.502985966,0.503989316,0.505001681,0.505866692,0.506564051,0.50709963,0.50748483,0.507731985,0.507852083,0.507912132,0,0,,0.508896212,0.502744301,0.506510727,,1.012236659,,,,,,,,,,,,,,
,,,,,,,,,,,,,,,,,,,,,,,,,,,,,,,,,,,,,,,,,,,,,,
,,,,,,,,,,,,,,,,,,,,,,,,,,,,,,,,1.451539437,,,,,,,,,,,,,,